SetId;WorkerId;Country;Age;Gender;Type;Link
0001d815c0--61db413b72887633f8476f8e;e787c650f46461fff9f81dd437e15e13;BY;29;FEMALE;Photo;https://drive.google.com/file/d/1TxcS9VvuSF-dGwwk_s8GDylFh0rZ2J_1/view?usp=drive_link
0001d815c0--61db413b72887633f8476f8e;e787c650f46461fff9f81dd437e15e13;BY;29;FEMALE;Photo;https://drive.google.com/file/d/1GzZETbffZv-3WQkTPmUqakzwOY2odTUE/view?usp=drive_link
0001d815c0--61db413b72887633f8476f8e;e787c650f46461fff9f81dd437e15e13;BY;29;FEMALE;Photo;https://drive.google.com/file/d/1U3enCNlFjNHWZqeia3wDTF83xL6NMRX_/view?usp=drive_link
0001d815c0--61db413b72887633f8476f8e;e787c650f46461fff9f81dd437e15e13;BY;29;FEMALE;Photo;https://drive.google.com/file/d/1SW9u4XYFSB-kjwLzXvX2YG8wtJ0snPdX/view?usp=drive_link
0001d815c0--61db413b72887633f8476f8e;e787c650f46461fff9f81dd437e15e13;BY;29;FEMALE;Video;https://drive.google.com/file/d/1PeKhVK96TOorgsba7ou5o9ubHoJr8jN_/view?usp=drive_link
0001d815c0--61db413b72887633f8476f8e;e787c650f46461fff9f81dd437e15e13;BY;29;FEMALE;Video;https://drive.google.com/file/d/1ZAJXs7AH5WkbpWChy-HzJdrRb_DQs1RS/view?usp=drive_link
0001d815c0--61db413b72887633f8476f8e;e787c650f46461fff9f81dd437e15e13;BY;29;FEMALE;Video;https://drive.google.com/file/d/1oA3jTlKKI5cRqcBPnTMiqAia5n6TIeHb/view?usp=drive_link
0001d815c0--61db413b72887633f8476f8e;e787c650f46461fff9f81dd437e15e13;BY;29;FEMALE;Video;https://drive.google.com/file/d/1jbrL78Q085JPKgyDNMNvIKGM3tesZTKM/view?usp=drive_link
0001d815c0--61db424b95b7c503d532314e;9b52a68b91c578365139ffd0850e879a;BY;30;MALE;Photo;https://drive.google.com/file/d/1iftPVegnBVNkgxDx6HZrTJyMgmt0bEMN/view?usp=drive_link
0001d815c0--61db424b95b7c503d532314e;9b52a68b91c578365139ffd0850e879a;BY;30;MALE;Photo;https://drive.google.com/file/d/1gmOIF-cRfQwNLwIAlpBKPtjBAvWq3yUz/view?usp=drive_link
0001d815c0--61db424b95b7c503d532314e;9b52a68b91c578365139ffd0850e879a;BY;30;MALE;Photo;https://drive.google.com/file/d/1GBWqyxdOy1wY-7iV9oaX8a9w1GC74i18/view?usp=drive_link
0001d815c0--61db424b95b7c503d532314e;9b52a68b91c578365139ffd0850e879a;BY;30;MALE;Photo;https://drive.google.com/file/d/1Ya9yCXiz-ndWZ4vZkP-VqhAe7OSlMekQ/view?usp=drive_link
0001d815c0--61db424b95b7c503d532314e;9b52a68b91c578365139ffd0850e879a;BY;30;MALE;Video;https://drive.google.com/file/d/1xA5AbL7vjNsrHUPPllrzPxYVI66MR_7i/view?usp=drive_link
0001d815c0--61db424b95b7c503d532314e;9b52a68b91c578365139ffd0850e879a;BY;30;MALE;Video;https://drive.google.com/file/d/1buQaXKdvzzRvcCA7qMOFgHwUZJd0dqmm/view?usp=drive_link
0001d815c0--61db424b95b7c503d532314e;9b52a68b91c578365139ffd0850e879a;BY;30;MALE;Video;https://drive.google.com/file/d/1pjtCVI51JnWqAzjJsX-VOk11A4ogfabF/view?usp=drive_link
0001d815c0--61db424b95b7c503d532314e;9b52a68b91c578365139ffd0850e879a;BY;30;MALE;Video;https://drive.google.com/file/d/1rxz2AKwsWcw6OtCM2OiZ18pD4lonQ0-q/view?usp=drive_link
0001d815c0--61dc197cfc12a127ad0a92d6;f06f80b070c7c13499de023b4eea49a0;BY;36;FEMALE;Photo;https://drive.google.com/file/d/1HK5_kot4yydglIFYjo2PYY_929OxS3Oy/view?usp=drive_link
0001d815c0--61dc197cfc12a127ad0a92d6;f06f80b070c7c13499de023b4eea49a0;BY;36;FEMALE;Photo;https://drive.google.com/file/d/1wtnqh9N-9ATUCGYUGwZ5JKsYf0ItHjMi/view?usp=drive_link
0001d815c0--61dc197cfc12a127ad0a92d6;f06f80b070c7c13499de023b4eea49a0;BY;36;FEMALE;Photo;https://drive.google.com/file/d/1ovNFwNbNQrHLrAYgNbi2EFPfp3oRSpdg/view?usp=drive_link
0001d815c0--61dc197cfc12a127ad0a92d6;f06f80b070c7c13499de023b4eea49a0;BY;36;FEMALE;Photo;https://drive.google.com/file/d/1uA-h0q9pWRAJmfiD7I1Vqqjx9MizhvT8/view?usp=drive_link
0001d815c0--61dc197cfc12a127ad0a92d6;f06f80b070c7c13499de023b4eea49a0;BY;36;FEMALE;Video;https://drive.google.com/file/d/1TT8UALsqvuTgYR4AqgyvXHOlJV7l1Ima/view?usp=drive_link
0001d815c0--61dc197cfc12a127ad0a92d6;f06f80b070c7c13499de023b4eea49a0;BY;36;FEMALE;Video;https://drive.google.com/file/d/1NBoQXrHMnpuHR8ahbFw08BvyTGtZoTBI/view?usp=drive_link
0001d815c0--61dc197cfc12a127ad0a92d6;f06f80b070c7c13499de023b4eea49a0;BY;36;FEMALE;Video;https://drive.google.com/file/d/1AgaVRpJJteAFJAgzQg9hkJ5bXuiWmd3L/view?usp=drive_link
0001d815c0--61dc197cfc12a127ad0a92d6;f06f80b070c7c13499de023b4eea49a0;BY;36;FEMALE;Video;https://drive.google.com/file/d/11lRvBlgLXZnQEDqED6GT4sEh9crgrFJ4/view?usp=drive_link
0001d815c0--61dc1ab78a830933a6242466;bfc72c14fa93434422fa6e9bd8d99db5;BY;27;FEMALE;Photo;https://drive.google.com/file/d/14d_kO0CeSQsTdv7CFkzXBLeexsK2qAM_/view?usp=drive_link
0001d815c0--61dc1ab78a830933a6242466;bfc72c14fa93434422fa6e9bd8d99db5;BY;27;FEMALE;Photo;https://drive.google.com/file/d/1YcD0QMtadKUphcqrRpssbiuKFY6ib_C9/view?usp=drive_link
0001d815c0--61dc1ab78a830933a6242466;bfc72c14fa93434422fa6e9bd8d99db5;BY;27;FEMALE;Photo;https://drive.google.com/file/d/1sVJTAiCKOaeY2Cux-Us2Unmx_jglruLX/view?usp=drive_link
0001d815c0--61dc1ab78a830933a6242466;bfc72c14fa93434422fa6e9bd8d99db5;BY;27;FEMALE;Photo;https://drive.google.com/file/d/12j7EuKKa6SOLacRRcRDnwzDiB3UQ0gbF/view?usp=drive_link
0001d815c0--61dc1ab78a830933a6242466;bfc72c14fa93434422fa6e9bd8d99db5;BY;27;FEMALE;Video;https://drive.google.com/file/d/1wbErw2NGpm-aN8BFYWYODmueosLtv6sK/view?usp=drive_link
0001d815c0--61dc1ab78a830933a6242466;bfc72c14fa93434422fa6e9bd8d99db5;BY;27;FEMALE;Video;https://drive.google.com/file/d/1V4XAIzUw7DclBm1VpyIOqf3k1jbfFdeZ/view?usp=drive_link
0001d815c0--61dc1ab78a830933a6242466;bfc72c14fa93434422fa6e9bd8d99db5;BY;27;FEMALE;Video;https://drive.google.com/file/d/1WkiWc_JBAEvfs8fH5opczozHIqev3osU/view?usp=drive_link
0001d815c0--61dc1ab78a830933a6242466;bfc72c14fa93434422fa6e9bd8d99db5;BY;27;FEMALE;Video;https://drive.google.com/file/d/1NGm4gV9VJgrjJOhav6cOjXTyA95sp3hS/view?usp=drive_link
0001d815c0--61dc1abdd087f5618bf66eb9;e237e533a6ca7f8449e48d07136b19ea;BY;33;MALE;Photo;https://drive.google.com/file/d/1i6E-3SiP1kVgXVBRSL3ez3ehuqaP95rY/view?usp=drive_link
0001d815c0--61dc1abdd087f5618bf66eb9;e237e533a6ca7f8449e48d07136b19ea;BY;33;MALE;Photo;https://drive.google.com/file/d/1ScrhzBUuznjh8IelPFNdZjvHgZQRIhsq/view?usp=drive_link
0001d815c0--61dc1abdd087f5618bf66eb9;e237e533a6ca7f8449e48d07136b19ea;BY;33;MALE;Photo;https://drive.google.com/file/d/1TsPTOkIWy9_UfRkXu8lqBDd43u4MxSGe/view?usp=drive_link
0001d815c0--61dc1abdd087f5618bf66eb9;e237e533a6ca7f8449e48d07136b19ea;BY;33;MALE;Photo;https://drive.google.com/file/d/1xUTYBUUElfUjFw0Ixh5sVF2a2hqoonU7/view?usp=drive_link
0001d815c0--61dc1abdd087f5618bf66eb9;e237e533a6ca7f8449e48d07136b19ea;BY;33;MALE;Video;https://drive.google.com/file/d/1XyvXXuFzPmxlHtKse-9EBIpbG6qOuwmQ/view?usp=drive_link
0001d815c0--61dc1abdd087f5618bf66eb9;e237e533a6ca7f8449e48d07136b19ea;BY;33;MALE;Video;https://drive.google.com/file/d/1BRZEBXuq_ta8IldkypRrC8FFgCRnYeyO/view?usp=drive_link
0001d815c0--61dc1abdd087f5618bf66eb9;e237e533a6ca7f8449e48d07136b19ea;BY;33;MALE;Video;https://drive.google.com/file/d/1k4M7euNPCS4pRn6aTCxMS1esNwuVc9Em/view?usp=drive_link
0001d815c0--61dc1abdd087f5618bf66eb9;e237e533a6ca7f8449e48d07136b19ea;BY;33;MALE;Video;https://drive.google.com/file/d/1-XGmBtOW7NDPR-yFNAfMijop2oCbD0N5/view?usp=drive_link
0001d815c0--61dc1afaeae6cc347caa18b2;9958b1e9cb13d1381b21ebaa74af4546;KZ;49;MALE;Photo;https://drive.google.com/file/d/1uZJePoLzJmCIsZwSahPjdy_Rof9xvw2F/view?usp=drive_link
0001d815c0--61dc1afaeae6cc347caa18b2;9958b1e9cb13d1381b21ebaa74af4546;KZ;49;MALE;Photo;https://drive.google.com/file/d/1M_uouSLG5ia_XqA9yhgIHb8PJ0gTSb0P/view?usp=drive_link
0001d815c0--61dc1afaeae6cc347caa18b2;9958b1e9cb13d1381b21ebaa74af4546;KZ;49;MALE;Photo;https://drive.google.com/file/d/1tKRFZa9Yc-IoV1jQMSf6Rn0rAB52EmQR/view?usp=drive_link
0001d815c0--61dc1afaeae6cc347caa18b2;9958b1e9cb13d1381b21ebaa74af4546;KZ;49;MALE;Photo;https://drive.google.com/file/d/1swfq5xcRXC6Sms35pGgp01bGVSjGdqKW/view?usp=drive_link
0001d815c0--61dc1afaeae6cc347caa18b2;9958b1e9cb13d1381b21ebaa74af4546;KZ;49;MALE;Video;https://drive.google.com/file/d/1zdbN3nq5Q4p9ahgZQRE92SHB8j2VKwuu/view?usp=drive_link
0001d815c0--61dc1afaeae6cc347caa18b2;9958b1e9cb13d1381b21ebaa74af4546;KZ;49;MALE;Video;https://drive.google.com/file/d/19N7vnsrQpyInT8cxLrhAj0NZQRQo2ufY/view?usp=drive_link
0001d815c0--61dc1afaeae6cc347caa18b2;9958b1e9cb13d1381b21ebaa74af4546;KZ;49;MALE;Video;https://drive.google.com/file/d/1668mKobTvT8YFzjUB_u5Jkl41jOcJQRH/view?usp=drive_link
0001d815c0--61dc1afaeae6cc347caa18b2;9958b1e9cb13d1381b21ebaa74af4546;KZ;49;MALE;Video;https://drive.google.com/file/d/1nKsAHGRv7nACcM9xsMsh2TwuZx_Kn5x9/view?usp=drive_link
0001d815c0--61dc1b4b404d193dcf1d1588;df3bf875d89e82170bf152879e0b38d5;BY;30;FEMALE;Photo;https://drive.google.com/file/d/1F5VogSsNxxIJ-rxdjlNFDXbKV3ZBwuMB/view?usp=drive_link
0001d815c0--61dc1b4b404d193dcf1d1588;df3bf875d89e82170bf152879e0b38d5;BY;30;FEMALE;Photo;https://drive.google.com/file/d/1d-eiyPSPKIVJv_OOuPf15gaEguiI4w4o/view?usp=drive_link
0001d815c0--61dc1b4b404d193dcf1d1588;df3bf875d89e82170bf152879e0b38d5;BY;30;FEMALE;Photo;https://drive.google.com/file/d/1rkZJGs7rsxo1Vb8Ce4XI0FVWJJP6YkYy/view?usp=drive_link
0001d815c0--61dc1b4b404d193dcf1d1588;df3bf875d89e82170bf152879e0b38d5;BY;30;FEMALE;Photo;https://drive.google.com/file/d/1JU-yICxGTv63Zu8vNiny-E6DE0ZZKjms/view?usp=drive_link
0001d815c0--61dc1b4b404d193dcf1d1588;df3bf875d89e82170bf152879e0b38d5;BY;30;FEMALE;Video;https://drive.google.com/file/d/1wYtHv08_DU0y23QmQElM_tYTRF18wwcS/view?usp=drive_link
0001d815c0--61dc1b4b404d193dcf1d1588;df3bf875d89e82170bf152879e0b38d5;BY;30;FEMALE;Video;https://drive.google.com/file/d/1C19TtrkygmaMoYpbPqB3-JfAG8Hz5wqk/view?usp=drive_link
0001d815c0--61dc1b4b404d193dcf1d1588;df3bf875d89e82170bf152879e0b38d5;BY;30;FEMALE;Video;https://drive.google.com/file/d/1yhVDiRYSmP4_8hdoKlAI18_OxC5FKdyE/view?usp=drive_link
0001d815c0--61dc1b4b404d193dcf1d1588;df3bf875d89e82170bf152879e0b38d5;BY;30;FEMALE;Video;https://drive.google.com/file/d/1nD7O0XdN2woqnKkDpZRD6YH9PqvkMrY8/view?usp=drive_link
0001d815c0--61dc1b5ffc12a127ad0aa3af;fc942c0c9e0fb57ea4b97630c6226c08;UA;25;MALE;Photo;https://drive.google.com/file/d/1KeHDInc04ESoP1JnGmf6Z-fQikePTvaA/view?usp=drive_link
0001d815c0--61dc1b5ffc12a127ad0aa3af;fc942c0c9e0fb57ea4b97630c6226c08;UA;25;MALE;Photo;https://drive.google.com/file/d/12bKjVrOu5bbLD3-0VHSgtlwQQ3sdI4FK/view?usp=drive_link
0001d815c0--61dc1b5ffc12a127ad0aa3af;fc942c0c9e0fb57ea4b97630c6226c08;UA;25;MALE;Photo;https://drive.google.com/file/d/1XJ6S47j_QALz6igZ0odA6AA5sZaqi-lE/view?usp=drive_link
0001d815c0--61dc1b5ffc12a127ad0aa3af;fc942c0c9e0fb57ea4b97630c6226c08;UA;25;MALE;Photo;https://drive.google.com/file/d/1F6yn-kxiYp_DWRdxInxdPSLNHfyRpiK_/view?usp=drive_link
0001d815c0--61dc1b5ffc12a127ad0aa3af;fc942c0c9e0fb57ea4b97630c6226c08;UA;25;MALE;Video;https://drive.google.com/file/d/1RtMguHBQVpOeFQHG-JIaKZ2jQVAKrgE5/view?usp=drive_link
0001d815c0--61dc1b5ffc12a127ad0aa3af;fc942c0c9e0fb57ea4b97630c6226c08;UA;25;MALE;Video;https://drive.google.com/file/d/1dL2nKIVFyqGAB81Ja9KnAzzibQHCpb4t/view?usp=drive_link
0001d815c0--61dc1b5ffc12a127ad0aa3af;fc942c0c9e0fb57ea4b97630c6226c08;UA;25;MALE;Video;https://drive.google.com/file/d/1T_n4zRsDm4WNdGVau2fBvrfMO3zTxwC4/view?usp=drive_link
0001d815c0--61dc1b5ffc12a127ad0aa3af;fc942c0c9e0fb57ea4b97630c6226c08;UA;25;MALE;Video;https://drive.google.com/file/d/1aqd4ZJBoXuVbVfrnkjHv_x4ZjymV9d5L/view?usp=drive_link
0001d815c0--61dc1b75442e6e7ab9a44e25;02d4bd7187fb9867c280213a94303c76;UA;27;FEMALE;Photo;https://drive.google.com/file/d/1vAGnn7jin5VD1rkWPLzmQOal4o9oapy2/view?usp=drive_link
0001d815c0--61dc1b75442e6e7ab9a44e25;02d4bd7187fb9867c280213a94303c76;UA;27;FEMALE;Photo;https://drive.google.com/file/d/1UwF1la4QDZ_4o90LMWW0kPQiIIndAcxl/view?usp=drive_link
0001d815c0--61dc1b75442e6e7ab9a44e25;02d4bd7187fb9867c280213a94303c76;UA;27;FEMALE;Photo;https://drive.google.com/file/d/1a1rTlWtR-5zV7xjBNAaprEz_lFXydNdN/view?usp=drive_link
0001d815c0--61dc1b75442e6e7ab9a44e25;02d4bd7187fb9867c280213a94303c76;UA;27;FEMALE;Photo;https://drive.google.com/file/d/1nQRYMDtu1qM5P-M7EA0k5fz3fBq5Bh3m/view?usp=drive_link
0001d815c0--61dc1b75442e6e7ab9a44e25;02d4bd7187fb9867c280213a94303c76;UA;27;FEMALE;Video;https://drive.google.com/file/d/19DicpSSajY0pWnCeRjDrtFVVcMPzd0sg/view?usp=drive_link
0001d815c0--61dc1b75442e6e7ab9a44e25;02d4bd7187fb9867c280213a94303c76;UA;27;FEMALE;Video;https://drive.google.com/file/d/17iuxFXDWmRd9w5h1OauT2X__gPimDOpJ/view?usp=drive_link
0001d815c0--61dc1b75442e6e7ab9a44e25;02d4bd7187fb9867c280213a94303c76;UA;27;FEMALE;Video;https://drive.google.com/file/d/1VKCu7jte8oVjnm9HcaqqBLMOhzJbtN0a/view?usp=drive_link
0001d815c0--61dc1b75442e6e7ab9a44e25;02d4bd7187fb9867c280213a94303c76;UA;27;FEMALE;Video;https://drive.google.com/file/d/12bKjVrOu5bbLD3-0VHSgtlwQQ3sdI4FK/view?usp=drive_link
0001d815c0--61dc1bc5404d193dcf1d1c92;67cae596e594481cf81f5cc5e248f3d0;BY;33;MALE;Photo;https://drive.google.com/file/d/1TOgQnXfDnmEMWOPXepdXpDeDWvPxA0BM/view?usp=drive_link
0001d815c0--61dc1bc5404d193dcf1d1c92;67cae596e594481cf81f5cc5e248f3d0;BY;33;MALE;Photo;https://drive.google.com/file/d/1ZsFV5gR-Oz6h7rn3s0AC42MtOm59QFXj/view?usp=drive_link
0001d815c0--61dc1bc5404d193dcf1d1c92;67cae596e594481cf81f5cc5e248f3d0;BY;33;MALE;Photo;https://drive.google.com/file/d/1bHYn-n5C-oolPGtPE_Po7nuA3fXLU14n/view?usp=drive_link
0001d815c0--61dc1bc5404d193dcf1d1c92;67cae596e594481cf81f5cc5e248f3d0;BY;33;MALE;Photo;https://drive.google.com/file/d/1Jp8ikDCJo0U3On93qRXPVx9pxxlEei9Y/view?usp=drive_link
0001d815c0--61dc1bc5404d193dcf1d1c92;67cae596e594481cf81f5cc5e248f3d0;BY;33;MALE;Video;https://drive.google.com/file/d/1GJfUOEAusqi41inKoCVEVRq0AHX597uo/view?usp=drive_link
0001d815c0--61dc1bc5404d193dcf1d1c92;67cae596e594481cf81f5cc5e248f3d0;BY;33;MALE;Video;https://drive.google.com/file/d/1AKMZh6aKPuJY0UPvA1BwL6vY7bRF2GXR/view?usp=drive_link
0001d815c0--61dc1bc5404d193dcf1d1c92;67cae596e594481cf81f5cc5e248f3d0;BY;33;MALE;Video;https://drive.google.com/file/d/1CZdtq1zRtGF1Lie2m8YJf6dOA9aqXHnv/view?usp=drive_link
0001d815c0--61dc1bc5404d193dcf1d1c92;67cae596e594481cf81f5cc5e248f3d0;BY;33;MALE;Video;https://drive.google.com/file/d/1Dc271BrZQ6WLKc2UD92tCo3R1j07CaQ7/view?usp=drive_link
