WorkerId;Sex;Age;Country;Type;Link
000bff9e8a316cc4356452f1969461b0;MALE;42;PK;1;https://drive.google.com/file/d/1_-yugeSkHwCPkkFZS95OVA1qBopz6IVr/view?usp=sharing
000bff9e8a316cc4356452f1969461b0;MALE;42;PK;2;https://drive.google.com/file/d/1lUPS2F7pxHmA04gE0fA6FESAJvAI7ng3/view?usp=sharing
000bff9e8a316cc4356452f1969461b0;MALE;42;PK;3;https://drive.google.com/file/d/1bOVTVwZr18AoahfyJdDs2boHjy4JN6Ro/view?usp=sharing
000bff9e8a316cc4356452f1969461b0;MALE;42;PK;4;https://drive.google.com/file/d/1XwMtdqeRVYZTGE6BbOgL1vnhVyfO90sn/view?usp=sharing
cd6ecd74d080e7fcb4bfe122308e9272;FEMALE;23;BR;1;https://drive.google.com/file/d/1m0C1V6o_gmsvLHWlRaEZevsbclmilA_g/view?usp=sharing
cd6ecd74d080e7fcb4bfe122308e9272;FEMALE;23;BR;2;https://drive.google.com/file/d/1ZgERLfOMYeCREMWNhWQ9mN9o8tDprYG0/view?usp=sharing
cd6ecd74d080e7fcb4bfe122308e9272;FEMALE;23;BR;3;https://drive.google.com/file/d/1Q4C6zhXE2jMLjbSrKstluQ-VDjcTY7aF/view?usp=sharing
cd6ecd74d080e7fcb4bfe122308e9272;FEMALE;23;BR;4;https://drive.google.com/file/d/1tDqcnRHXgL9bADO-FsgVXAs24fEYcn6v/view?usp=sharing
000c82cc06dc496225a7d7bdd87a8695;MALE;22;PK;1;https://drive.google.com/file/d/1RTk4iHpyONlj3zxkRGex6oX02v3v4P5P/view?usp=sharing
000c82cc06dc496225a7d7bdd87a8695;MALE;22;PK;2;https://drive.google.com/file/d/1v8ns2NjN4zE9dXzASsNhPSCUlNVxnzsL/view?usp=sharing
000c82cc06dc496225a7d7bdd87a8695;MALE;22;PK;3;https://drive.google.com/file/d/1y894-w5P8AtuiS2cwyE5yrO6QnEaL9YU/view?usp=sharing
000c82cc06dc496225a7d7bdd87a8695;MALE;22;PK;4;https://drive.google.com/file/d/14DE9qWji6cw5Rc1vJ0Be-On-yIgOWeiB/view?usp=sharing
0015d45fbdfcd975b01a93f9afaac0f9;MALE;22;US;1;https://drive.google.com/file/d/1-3e1oVzsvKibIFhefTJICii6RP9vSxU_/view?usp=sharing
0015d45fbdfcd975b01a93f9afaac0f9;MALE;22;US;2;https://drive.google.com/file/d/1UtwkHUjIvu5uLJYK7mr1XSREE_1TYNqt/view?usp=sharing
0015d45fbdfcd975b01a93f9afaac0f9;MALE;22;US;3;https://drive.google.com/file/d/1o6zf7yED5O5utvFNcJcgiX_JOCaQtzDF/view?usp=sharing
0015d45fbdfcd975b01a93f9afaac0f9;MALE;22;US;4;https://drive.google.com/file/d/1FX552ImGhujBgCAPBJa105ZtuHqMp_JO/view?usp=sharing
0019076456ef2c17fc77c4b89bb6b5d4;MALE;34;PK;1;https://drive.google.com/file/d/1mG6B7sLdKaT9rrTppydNwlBvE9xlfP1T/view?usp=sharing
0019076456ef2c17fc77c4b89bb6b5d4;MALE;34;PK;2;https://drive.google.com/file/d/1wQwBjT_OIFTYV6bxz1C7touFhNrhel7h/view?usp=sharing
0019076456ef2c17fc77c4b89bb6b5d4;MALE;34;PK;3;https://drive.google.com/file/d/1PimRvo9Bcl-KuYkCVu7bBGpeuedCJO-1/view?usp=sharing
0019076456ef2c17fc77c4b89bb6b5d4;MALE;34;PK;4;https://drive.google.com/file/d/1Lm4-MEJXlhUq6rnKY3gqj7lOxGRAOb45/view?usp=sharing
001b3043428e2b838d10e180a94337b4;MALE;25;NG;1;https://drive.google.com/file/d/1EHMamb3juz7sjLD5Y1Tu-FyoNArW-ODr/view?usp=sharing
001b3043428e2b838d10e180a94337b4;MALE;25;NG;2;https://drive.google.com/file/d/1JOxtespdQ_FZbdilGcDrSY0yPjihlsCr/view?usp=sharing
001b3043428e2b838d10e180a94337b4;MALE;25;NG;3;https://drive.google.com/file/d/1kjqFYCOIagNWndc191Zg5BJu-Bnf_mEZ/view?usp=sharing
001b3043428e2b838d10e180a94337b4;MALE;25;NG;4;https://drive.google.com/file/d/1imN4S1xrSLa_trIp1aXBVCxTI2zaaqwQ/view?usp=sharing
001ba22225da8098e2863dd5bd347b79;MALE;24;VE;1;https://drive.google.com/file/d/1a-SYKdkf4koIxCc0zywdoQ1JMSeX_AAR/view?usp=sharing
001ba22225da8098e2863dd5bd347b79;MALE;24;VE;2;https://drive.google.com/file/d/1Be4MXTo4gtVCoV5Z67CHFlZLKeJWu5rj/view?usp=sharing
001ba22225da8098e2863dd5bd347b79;MALE;24;VE;3;https://drive.google.com/file/d/1_FQYBjFEgt51MKYD3c0HSc_SmG-uDsli/view?usp=sharing
001ba22225da8098e2863dd5bd347b79;MALE;24;VE;4;https://drive.google.com/file/d/10u-1smBZZOrxyRFax9gAIMrUayvOyQhD/view?usp=sharing
001cef95982e15be14357630728b22e1;MALE;37;CL;1;https://drive.google.com/file/d/1DMey1LezETu7_yWeaJ3rPO021vt3SwRp/view?usp=sharing
001cef95982e15be14357630728b22e1;MALE;37;CL;2;https://drive.google.com/file/d/1BniGgEMjId8NGw9co1WwVWUQazFLCmTC/view?usp=sharing
001cef95982e15be14357630728b22e1;MALE;37;CL;3;https://drive.google.com/file/d/1YwQsRDY2axT8-qSoprhkr9uARunojz7t/view?usp=sharing
001cef95982e15be14357630728b22e1;MALE;37;CL;4;https://drive.google.com/file/d/1PJrjMz8Gq7y5SybPJuVmeJaanHbokNtY/view?usp=sharing
cd8cea1483507740a453fe5f3aef094a;FEMALE;29;PH;1;https://drive.google.com/file/d/1xTbeVtqtLWcYJPTYYALCtlk-0MCmQ6he/view?usp=sharing
cd8cea1483507740a453fe5f3aef094a;FEMALE;29;PH;2;https://drive.google.com/file/d/15bBufYjDhAWNChjlgm_tySGcSJpbLu0N/view?usp=sharing
cd8cea1483507740a453fe5f3aef094a;FEMALE;29;PH;3;https://drive.google.com/file/d/1P8CAIRldewsy3oGCBpF98Im8saN5Wolk/view?usp=sharing
cd8cea1483507740a453fe5f3aef094a;FEMALE;29;PH;4;https://drive.google.com/file/d/1tUZB4lk21YZa5NBU-9qhjwJmEm1eO5rC/view?usp=sharing
00314ec0b1bee76c81a0ca651468e3cb;MALE;22;BD;1;https://drive.google.com/file/d/19f3rrSi-wfaY_KGbKQygGAewaojxBxHo/view?usp=sharing
00314ec0b1bee76c81a0ca651468e3cb;MALE;22;BD;2;https://drive.google.com/file/d/1iWT4OPg1kNCwRbc7GIZaHCJQJqlTcI_f/view?usp=sharing
00314ec0b1bee76c81a0ca651468e3cb;MALE;22;BD;3;https://drive.google.com/file/d/1US66SQDmCNvtzK82ee6QeUEZoA7Lvky9/view?usp=sharing
00314ec0b1bee76c81a0ca651468e3cb;MALE;22;BD;4;https://drive.google.com/file/d/1e-sSTOj3iRJgkvUrIx4mbFa-QldU6BV6/view?usp=sharing
